H7w24ALt6X9AGZ6Gs1c7ikIX2AGHdGrQ2gOgYFTSDfQ=,https://ct.cloudflare.com/logs/nimbus2017
23Sv7ssp7LH+yj5xbSzluaq7NveEcYPHXZ1PN7Yfv2Q=,https://ct.cloudflare.com/logs/nimbus2018
dH7agzGtMxCRIZzOJU9CcMK//V5CIAjGNzV55hB7zFY=,https://ct.cloudflare.com/logs/nimbus2019
Xqdz+d9WwOe1Nkh90EngMnqRmgyEoRIShBh1loFxRVg=,https://ct.cloudflare.com/logs/nimbus2020
RJRlLrDuzq/EQAfYqP4owNrmgr7YyzG1P9MzlrW2gag=,https://ct.cloudflare.com/logs/nimbus2021
pXesnO11SN2PAltnokEInfhuD0duwgPC7L7bGF8oJjg=,https://ctserver.cnnic.cn
23b9raxl59CVCIhuIVm9i5A1L1/q0+PcXiLrNQrMe5g=,https://dodo.ct.comodo.com
b1N2rDHwMRnYmQCkURX/dxUcEdkCwQApBo2yCJo32RM=,https://mammoth.ct.comodo.com
VYHUwhaQNgFK6gubVzxT8MDkOHhwJQgXL6OqHQcT0ww=,https://sabre.ct.comodo.com
VhQGmi/XwuzT9eG9RLI+x0Z2ubyZEVzA75SYVdaJ0N0=,https://ct1.digicert-ct.com/log
h3W/51l8+IxDmV+9827/Vo1HVjb/SrVgwbTq/16ggw8=,https://ct2.digicert-ct.com/log
wRZK4Kdy0tQ5LcgKwQdw1PDEm96ZGkhAwfoHUWT2M2A=,https://yeti2018.ct.digicert.com/log
4mlLribo6UAJ6IYbtjuD1D7n/nSI+6SPKJMBnd3x2/4=,https://yeti2019.ct.digicert.com/log
8JWkWfIA0YJAEC0vk4iOrUv+HUfjmeHQNKawqKqOsnM=,https://yeti2020.ct.digicert.com/log
XNxDkv7mq0VEsV6a1FbmEDf71fpH3KFzlLJe5vbHDso=,https://yeti2021.ct.digicert.com/log
IkVFB1lVJFaWP6Ev8fdthuAjJmOtwEt/XcaDXG7iDwI=,https://yeti2022.ct.digicert.com/log
cX6nQgl1voSicjVT8Xd8Jt1Rr04QIUQJTZAZtGL7Zmg=,https://log.gdca.com.cn
FDCNkMzQMBNQBcAcpSbYHoTodiTjm2JI4I9ySuo7tCo=,https://log2.gdca.com.cn
8bpXJlnIJLUefb3hMuILQRzibfIGUezCCiwLOk4kL/0=,https://log2.gdca.com.cn
yc+JCiEQnGZswXo+0GXJMNDgE1qf66ha8UIQuAckIao=,https://ct.gdca.com.cn
kkow+Qkzb/Q11pk6EKx1osZBco5/wtZZrmGI/61AzgE=,https://ctlog.gdca.com.cn
+tTJfMSe4vishcXqXOoJ0CINu/TknGtQZi/4aPhrjCg=,https://ct.googleapis.com/logs/argon2017
pFASaQVaFVReYhGrN7wQP2KuVXakXksXFEU+GyIQaiU=,https://ct.googleapis.com/logs/argon2018
Y/Lbzeg7zCzPC3KEJ1drM6SNYXePvXWmOLHHaFRL2I0=,https://ct.googleapis.com/logs/argon2019
sh4FzIuizYogTodm+Su5iiUgZ2va+nDnsklTLe+LkF4=,https://ct.googleapis.com/logs/argon2020
9lyUL9F3MCIUVBgIMJRWjuNNExkzv98MLyALzE7xZOM=,https://ct.googleapis.com/logs/argon2021
aPaY+B9kgr46jO65KB1M/HFRXWeT1ETRCmesu09P+8Q=,https://ct.googleapis.com/aviator
HQJLjrFJizRN/YfqPvwJlvdQbyNdHUlwYaR3PEOcJfs=,https://ct.googleapis.com/daedalus
KTxRllTIOWW6qlD8WAfUt2+/WHopctykwwz05UVH9Hg=,https://ct.googleapis.com/icarus
pLkJkLQYWBSHuxOizGdwCjw1mAT5G9+443fNDsgN3BA=,https://ct.googleapis.com/pilot
7ku9t3XOYLrhQmkfq+GeZqMPfl+wctiDAMR7iXqo/cs=,https://ct.googleapis.com/rocketeer
u9nfvB+KcbWTlCOXqpJ7RzhXlQqrUugakJZkNo4e0YU=,https://ct.googleapis.com/skydiver
qJnYeAySkKr0YvMYgMz71SRR6XDQ+/WR73Ww2ZtkVoE=,https://ct.googleapis.com/submariner
qucLfzy41WbIbC8Wl5yfRF9pqw60U1WJsvd6AwEE880=,https://plausible.ct.nordu.net
MtxZwtTEGWjVbhS8YayPDkXbOfrzwVWqQlL1AB+gxiM=,https://ct.sheca.com
NLtq1sPfnAPuqKSZ/3iRSGydXlysktAfe/0bzhnbSO8=,https://ct.startssl.com
3esdK3oNT6Ygi4GtgWhwfi6OnQHVXIiNPRHEzbbsvsw=,https://ct.ws.symantec.com
p85KTmIH4K3e5f2qSx+GdodntdACpV1HMQ5+ZwqV6rI=,https://deneb.ws.symantec.com
FZcEiNe5l6Bb61JRKt7o0ui0oxZSZBIan6v71fha2T8=,https://sirius.ws.symantec.com
vHjh38X2PGhGSTNNoQ+hXwl5aSAJwIG08/aRfz7ZuKU=,https://vega.ws.symantec.com
AwGd8/2FppqOvR+sxtqbpz5Gl3T+d/V5/FoIuDKMHWs=,https://ctlog-gen2.api.venafi.com
QbLcLonmPOSvG6e7Kb9oxt7m+fHMBH4w3/rjs7olkmM=,https://ctlog.wosign.com
bQEsfZvOgPjWivKco5/77P+UE+JMZ1TZcPipZ2bnJhk=,https://ctlog3.wosign.com
oXEni6iuir1G4jqDj74jdM4lWBrNpUBslrhxAEfpvsI=,https://ctlog.wotrus.com
mueOgrUnqTLVe4NZadQv4/Ah4TKZis8cN3oV+x5FLFo=,https://ctlog3.wotrus.com